Id,LastName,AccountId
003SG00000Iy0qnYAB,Minor,001SG00000y9JGzYAM
003SG00000Iy0qoYAB,White,001SG00000y9JGzYAM
003SG00000Iy0qpYAB,Amos,001SG00000y9JGzYAM
003SG00000Iy0qqYAB,Stamos,001SG00000y9JH0YAM
003SG00000Iy0quYAB,ac1,001SG00000y9JH2YAM
003SG00000J9AgNYAV,Amos,001SG00000yY3vNYAS
003SG00000J9AgRYAV,Benioff,001SG00000yY3vPYAS
003SG00000J9AgSYAV,ac1,001SG00000yY3vQYAS
003SG00000J9B9PYAV,Amos,001SG00000yY4mbYAC
003SG00000J9B9TYAV,Benioff,001SG00000yY4mdYAC
003SG00000J9B9UYAV,ac1,001SG00000yY4meYAC
003SG00000J9HEnYAN,jhvjvjvjh,001SG00000yYCSQYA4
003SG00000JAqQbYAL,test1,001SG00000ybs8XYAQ
