Id,Category,Description,DetectedDateTime,EndDateTime,Impact,IncidentNumber,IsClosed,IsDeleted,IsMajorIncident,IsStopped,Priority,PriorityOverrideReason,ReportedMethod,ReportedMethodIdentifier,ResolutionSummary,Status,StatusCode,Subject,Type,Urgency,AssignedGroupId,AssignedUserId,ParentIncidentId,BusinessHoursId,EntitlementId
0nySG0000000jzdYAA,,,,,High,INC-000000001,False,False,False,False,Critical,,,,,New,New,This is first indicents,New,High,,,0nySG0000000k1FYAQ,,
0nySG0000000k1FYAQ,,,,,High,INC-000000002,False,False,False,False,Critical,,,,,New,New,This is the first issue,New,High,,,,,
0nySG0000000kCXYAY,,,,,High,INC-000000003,False,False,False,False,Critical,,,,,New,New,This is the child incident,New,High,,005SG00000IF36TYAT,,,
0nySG0000000kndYAA,,,,,High,INC-000000004,False,False,False,False,Critical,,,,,New,New,Test incident,New,High,,,,,
0nySG0000000uTdYAI,,Can someone please help me with the laptop,,,Medium,INC-000000005,False,False,False,False,Critical,,Email,<CAKriLCyvCCU96C4Db3dwavVu4Z+2Ftd4mUY56YjEqyKY_aeKPA@mail.gmail.com>,,New,New,Need help with my laptop,New,Medium,,,,,
0nySG0000000uVFYAY,,I'm unable to open chrom on my laptop. I have a Mac with OS 15.3.1,,,Medium,INC-000000006,False,False,False,False,Critical,,Email,<CAFoNm9sArrRcCXkThqkg3_+e5kK-LY_e6iGK4JPbqiJo3qsCZA@mail.gmail.com>,,New,New,Chrome not working,New,Medium,,,,,
