ActualDuration,ActualEndDate,ActualStartDate,ClosingSummary,DeploymentDate,Description,IsDeleted,Name,OwnerId,PlannedDuration,PlannedEndDate,PlannedStartDate,Priority,RiskLevel,Status,Type,UsageType
1.0,2025-02-18T20:00:00.000+0000,2025-02-17T20:00:00.000+0000,,,Changed description,False,Test Release,005SG00000HdYODYA3,1.92,2025-02-13T20:00:00.000+0000,2025-02-11T22:00:00.000+0000,Moderate,Low,New,Minor,ServiceManagement
2.0,2025-02-19T20:00:00.000+0000,2025-02-17T20:00:00.000+0000,,,This is sample release 2,False,Test Release 2,005SG00000HdYODYA3,2.0,2025-02-13T20:00:00.000+0000,2025-02-11T20:00:00.000+0000,High,Medium,New,Minor,ServiceManagement
0.0,,,,,This is sample release,False,Test Release 3,005SG00000HdYODYA3,1.0,2025-02-19T20:00:00.000+0000,2025-02-18T20:00:00.000+0000,Critical,,In Progress,Upgrade,ServiceManagement
0.0,,,,,This is the sample release 4,False,Test Release 3,005SG00000HdYODYA3,1.0,2025-02-19T20:00:00.000+0000,2025-02-18T20:00:00.000+0000,High,,In Progress,Patch,ServiceManagement
0.0,,,,,This is the sample release,False,Test Release 5,005SG00000HdYODYA3,8.0,2025-02-11T20:00:00.000+0000,2025-02-03T20:00:00.000+0000,High,Medium,In Progress,Minor,ServiceManagement
0.0,,,,,This is the sample release,False,Test Release,005SG00000HdYODYA3,1.0,2025-02-20T20:00:00.000+0000,2025-02-19T20:00:00.000+0000,High,Low,In Progress,Patch,ServiceManagement
0.0,,,,,This is the sample release,False,Test Release 8,005SG00000HdYODYA3,1.0,2025-02-21T20:00:00.000+0000,2025-02-20T20:00:00.000+0000,High,Medium,Closed,Minor,ServiceManagement
0.0,,,,,This is the sample release,False,Test Release Feb 24,005SG00000HdYODYA3,1.0,2025-02-26T20:00:00.000+0000,2025-02-25T20:00:00.000+0000,High,Medium,New,Others,ServiceManagement
